{
  "schemaVersion": "3.0.0",
  "attributes": {
    "name": "Coxsackievirus A10",
    "reference name": "Human coxsackievirus A10 strain Kowalik, complete genome",
    "reference accession": "AY421767.1"
  },
  "files": {
    "reference": "reference-CVA10INFROOT.fasta",
    "pathogenJson": "pathogen.json",
    "genomeAnnotation": "genome_annotation.gff3",
    "treeJson": "tree-CVA10INFROOT.json",
    "examples": "sequences-CVA10INFROOT.fasta",
    "readme": "README.md",
    "changelog": "CHANGELOG.md"
  },
  "version": {
    "tag": "unreleased"
  }
}
