{
  "schemaVersion": "3.0.0",
  "attributes": {
    "name": "Enterovirus D68",
    "reference name": "Human enterovirus 68 strain Fermon, complete genome.",
    "reference accession": "AY426531.1"
  },
  "files": {
    "reference": "reference-EVD68.fasta",
    "pathogenJson": "pathogen.json",
    "genomeAnnotation": "genome_annotation.gff3",
    "treeJson": "tree-EVD68.json",
    "examples": "sequences-EVD68.fasta",
    "readme": "README.md",
    "changelog": "CHANGELOG.md"
  },
  "version": {
    "tag": "unreleased"
  }
}
